path;file;gcf;replicate;cell;pDNA;condition;format;sample;sample_id;stimulation;reference_condition;transfection;labguru_experiment;target;effect_size;off_target
/DATA/usr/m.trauernicht/projects/prime_TF_reporters/data/gcf7866/results/;7866_10_384W_pMT52-1_R1_CTTGCCATTA-CCTTCGTGAT_S10_barcode_counts.tsv;gcf7866;r1;U2OS;BC1;U2OS_DMSO;384W;U2OS_DMSO_384W_r1;U2OS_DMSO_384W_r1_gcf7866;;;lipofection;E2599;;;
/DATA/usr/m.trauernicht/projects/prime_TF_reporters/data/gcf7866/results/;7866_1_12W_pMT52-1_UT_R1_GACGAGATTA-AGGATAATGT_S1_barcode_counts.tsv;gcf7866;r1;U2OS;BC1;U2OS_DMSO;12W;U2OS_DMSO_12W_r1;U2OS_DMSO_12W_r1_gcf7866;;;lipofection;E2599;;;
/DATA/usr/m.trauernicht/projects/prime_TF_reporters/data/gcf7866/results/;7866_11_384W_pMT52-5_R1_CGGTTACGGC-CTATAGTCTT_S11_barcode_counts.tsv;gcf7866;r1;U2OS;BC5;U2OS_DMSO;384W;U2OS_DMSO_384W_r1;U2OS_DMSO_384W_r1_gcf7866;;;lipofection;E2599;;;
/DATA/usr/m.trauernicht/projects/prime_TF_reporters/data/gcf7866/results/;7866_12_384W_pMT02-9_V3_0_R1_GGTTGCGAGG-TTGCTCTATT_S12_barcode_counts.tsv;gcf7866;r1;U2OS;pMT02;U2OS_DMSO;384W;U2OS_DMSO_384W_r1;U2OS_DMSO_384W_r1_gcf7866;;;lipofection;E2599;;;
/DATA/usr/m.trauernicht/projects/prime_TF_reporters/data/gcf7866/results/;7866_12_pMT52-1_calc._R3_CCGTATGTTC-AAGACTATAG_S34_barcode_counts.tsv;gcf7866;r3;U2OS;BC1;U2OS_Calcitriol;12W;U2OS_Calcitriol_12W_r3;U2OS_Calcitriol_12W_r3_gcf7866;pathway;U2OS_DMSO;lipofection;E2599;VDR::RXRA;1;RXRA, NR4A1, NR5A2, NR1I2, NR1I3
/DATA/usr/m.trauernicht/projects/prime_TF_reporters/data/gcf7866/results/;7866_12W_pMT02-9_V3.0_calc._R3_AGAGGCAACC-AAGACTATAG_S33_barcode_counts.tsv;gcf7866;r3;U2OS;pMT02;U2OS_Calcitriol;12W;U2OS_Calcitriol_12W_r3;U2OS_Calcitriol_12W_r3_gcf7866;pathway;U2OS_DMSO;lipofection;E2599;VDR::RXRA;1;RXRA, NR4A1, NR5A2, NR1I2, NR1I3
/DATA/usr/m.trauernicht/projects/prime_TF_reporters/data/gcf7866/results/;7866_12W_pMT52-5_calc._R3_GAGAATGGTT-AAGACTATAG_S36_barcode_counts.tsv;gcf7866;r3;U2OS;BC5;U2OS_Calcitriol;12W;U2OS_Calcitriol_12W_r3;U2OS_Calcitriol_12W_r3_gcf7866;pathway;U2OS_DMSO;lipofection;E2599;VDR::RXRA;1;RXRA, NR4A1, NR5A2, NR1I2, NR1I3
/DATA/usr/m.trauernicht/projects/prime_TF_reporters/data/gcf7866/results/;7866_13_12W_pMT52-1_UT_R2_CCGTATGTTC-ACAGTGTATG_S13_barcode_counts.tsv;gcf7866;r2;U2OS;BC1;U2OS_DMSO;12W;U2OS_DMSO_12W_r2;U2OS_DMSO_12W_r2_gcf7866;;;lipofection;E2599;;;
/DATA/usr/m.trauernicht/projects/prime_TF_reporters/data/gcf7866/results/;7866_14_12W_pMT52-5_UT_R2_GAGAATGGTT-TTGCTGCCGA_S14_barcode_counts.tsv;gcf7866;r2;U2OS;BC5;U2OS_DMSO;12W;U2OS_DMSO_12W_r2;U2OS_DMSO_12W_r2_gcf7866;;;lipofection;E2599;;;
/DATA/usr/m.trauernicht/projects/prime_TF_reporters/data/gcf7866/results/;7866_15_12W_pMT02-9_V3_0_UT_R2_AGAGGCAACC-CCATCATTAG_S15_barcode_counts.tsv;gcf7866;r2;U2OS;pMT02;U2OS_DMSO;12W;U2OS_DMSO_12W_r2;U2OS_DMSO_12W_r2_gcf7866;;;lipofection;E2599;;;
/DATA/usr/m.trauernicht/projects/prime_TF_reporters/data/gcf7866/results/;7866_16_12_pMT52-1_calc_R2_CCATCATTAG-AGAGGCAACC_S16_barcode_counts.tsv;gcf7866;r2;U2OS;BC1;U2OS_Calcitriol;12W;U2OS_Calcitriol_12W_r2;U2OS_Calcitriol_12W_r2_gcf7866;pathway;U2OS_DMSO;lipofection;E2599;VDR::RXRA;1;RXRA, NR4A1, NR5A2, NR1I2, NR1I3
/DATA/usr/m.trauernicht/projects/prime_TF_reporters/data/gcf7866/results/;7866_17_12W_pMT52-5_calc_R2_GATAGGCCGA-GCCATGTGCG_S17_barcode_counts.tsv;gcf7866;r2;U2OS;BC5;U2OS_Calcitriol;12W;U2OS_Calcitriol_12W_r2;U2OS_Calcitriol_12W_r2_gcf7866;pathway;U2OS_DMSO;lipofection;E2599;VDR::RXRA;1;RXRA, NR4A1, NR5A2, NR1I2, NR1I3
/DATA/usr/m.trauernicht/projects/prime_TF_reporters/data/gcf7866/results/;7866_18_12W_pMT02-9_V3_0_calc_R2_ATGGTTGACT-AGGACAGGCC_S18_barcode_counts.tsv;gcf7866;r2;U2OS;pMT02;U2OS_Calcitriol;12W;U2OS_Calcitriol_12W_r2;U2OS_Calcitriol_12W_r2_gcf7866;;;lipofection;E2599;;;
/DATA/usr/m.trauernicht/projects/prime_TF_reporters/data/gcf7866/results/;7866_19_96W_pMT52-1_R2_TATTGCGCTC-CCTAACACAG_S19_barcode_counts.tsv;gcf7866;r2;U2OS;BC1;U2OS_DMSO;96W;U2OS_DMSO_96W_r2;U2OS_DMSO_96W_r2_gcf7866;;;lipofection;E2599;;;
/DATA/usr/m.trauernicht/projects/prime_TF_reporters/data/gcf7866/results/;7866_20_96W_pMT52-5_R2_ACGCCTTGTT-ACGTTCCTTA_S20_barcode_counts.tsv;gcf7866;r2;U2OS;BC5;U2OS_DMSO;96W;U2OS_DMSO_96W_r2;U2OS_DMSO_96W_r2_gcf7866;;;lipofection;E2599;;;
/DATA/usr/m.trauernicht/projects/prime_TF_reporters/data/gcf7866/results/;7866_2_12W_pMT52-5_UT_R1_AACATCGCGC-ACAAGTGGAC_S2_barcode_counts.tsv;gcf7866;r1;U2OS;BC5;U2OS_DMSO;12W;U2OS_DMSO_12W_r1;U2OS_DMSO_12W_r1_gcf7866;;;lipofection;E2599;;;
/DATA/usr/m.trauernicht/projects/prime_TF_reporters/data/gcf7866/results/;7866_21_96W_pMT02-9_V3_0_R2_TTCTACATAC-TTACAGTTAG_S21_barcode_counts.tsv;gcf7866;r2;U2OS;pMT02;U2OS_DMSO;96W;U2OS_DMSO_96W_r2;U2OS_DMSO_96W_r2_gcf7866;;;lipofection;E2599;;;
/DATA/usr/m.trauernicht/projects/prime_TF_reporters/data/gcf7866/results/;7866_22_384W_pMT52-1_R2_AACCATAGAA-CCATCTCGCC_S22_barcode_counts.tsv;gcf7866;r2;U2OS;BC1;U2OS_DMSO;384W;U2OS_DMSO_384W_r2;U2OS_DMSO_384W_r2_gcf7866;;;lipofection;E2599;;;
/DATA/usr/m.trauernicht/projects/prime_TF_reporters/data/gcf7866/results/;7866_23_384W_pMT52-5_R2_TAAGCATCCA-AATGGATTGA_S23_barcode_counts.tsv;gcf7866;r2;U2OS;BC5;U2OS_DMSO;384W;U2OS_DMSO_384W_r2;U2OS_DMSO_384W_r2_gcf7866;;;lipofection;E2599;;;
/DATA/usr/m.trauernicht/projects/prime_TF_reporters/data/gcf7866/results/;7866_24_384W_pMT02-9_V3_0_R2_ACCACGACAT-CCGCATACGA_S24_barcode_counts.tsv;gcf7866;r2;U2OS;pMT02;U2OS_DMSO;384W;U2OS_DMSO_384W_r2;U2OS_DMSO_384W_r2_gcf7866;;;lipofection;E2599;;;
/DATA/usr/m.trauernicht/projects/prime_TF_reporters/data/gcf7866/results/;7866_25_12W_pMT52-1_UT_R3_GCCGCACTCT-CGAGGTCGGA_S25_barcode_counts.tsv;gcf7866;r3;U2OS;BC1;U2OS_DMSO;12W;U2OS_DMSO_12W_r3;U2OS_DMSO_12W_r3_gcf7866;;;lipofection;E2599;;;
/DATA/usr/m.trauernicht/projects/prime_TF_reporters/data/gcf7866/results/;7866_26_12W_pMT52-5_UT_R3_CCACCAGGCA-ATTCCATAAG_S26_barcode_counts.tsv;gcf7866;r3;U2OS;BC5;U2OS_DMSO;12W;U2OS_DMSO_12W_r3;U2OS_DMSO_12W_r3_gcf7866;;;lipofection;E2599;;;
/DATA/usr/m.trauernicht/projects/prime_TF_reporters/data/gcf7866/results/;7866_27_12W_pMT02-9_V3_0_UT_R3_GTGACACGCA-GTCCGTAAGC_S27_barcode_counts.tsv;gcf7866;r3;U2OS;pMT02;U2OS_DMSO;12W;U2OS_DMSO_12W_r3;U2OS_DMSO_12W_r3_gcf7866;;;lipofection;E2599;;;
/DATA/usr/m.trauernicht/projects/prime_TF_reporters/data/gcf7866/results/;7866_3_12W_pMT02-9_V3_0_UT_R1_CTAGTGCTCT-TACTGTTCCA_S3_barcode_counts.tsv;gcf7866;r1;U2OS;pMT02;U2OS_DMSO;12W;U2OS_DMSO_12W_r1;U2OS_DMSO_12W_r1_gcf7866;;;lipofection;E2599;;;
/DATA/usr/m.trauernicht/projects/prime_TF_reporters/data/gcf7866/results/;7866_384W_pMT02-9_V3.0_R3_TTCTACATAC-AAGACTATAG_S30_barcode_counts.tsv;gcf7866;r3;U2OS;pMT02;U2OS_DMSO;384W;U2OS_DMSO_384W_r3;U2OS_DMSO_384W_r3_gcf7866;;;lipofection;E2599;;;
/DATA/usr/m.trauernicht/projects/prime_TF_reporters/data/gcf7866/results/;7866_384W_pMT52-1_R3_TATTGCGCTC-AAGACTATAG_S35_barcode_counts.tsv;gcf7866;r3;U2OS;BC1;U2OS_DMSO;384W;U2OS_DMSO_384W_r3;U2OS_DMSO_384W_r3_gcf7866;;;lipofection;E2599;;;
/DATA/usr/m.trauernicht/projects/prime_TF_reporters/data/gcf7866/results/;7866_4_12_pMT52-1_calc_R1_GATCAAGGCA-ATTAACAAGG_S4_barcode_counts.tsv;gcf7866;r1;U2OS;BC1;U2OS_Calcitriol;12W;U2OS_Calcitriol_12W_r1;U2OS_Calcitriol_12W_r1_gcf7866;pathway;U2OS_DMSO;lipofection;E2599;VDR::RXRA;1;RXRA, NR4A1, NR5A2, NR1I2, NR1I3
/DATA/usr/m.trauernicht/projects/prime_TF_reporters/data/gcf7866/results/;7866_5_12W_pMT52-5_calc_R1_GACTGAGTAG-CACTATCAAC_S5_barcode_counts.tsv;gcf7866;r1;U2OS;BC5;U2OS_Calcitriol;12W;U2OS_Calcitriol_12W_r1;U2OS_Calcitriol_12W_r1_gcf7866;pathway;U2OS_DMSO;lipofection;E2599;VDR::RXRA;1;RXRA, NR4A1, NR5A2, NR1I2, NR1I3
/DATA/usr/m.trauernicht/projects/prime_TF_reporters/data/gcf7866/results/;7866_6_12W_pMT02-9_V3_0_calc_R1_AGTCAGACGA-TGTCGCTGGT_S6_barcode_counts.tsv;gcf7866;r1;U2OS;pMT02;U2OS_Calcitriol;12W;U2OS_Calcitriol_12W_r1;U2OS_Calcitriol_12W_r1_gcf7866;pathway;U2OS_DMSO;lipofection;E2599;VDR::RXRA;1;RXRA, NR4A1, NR5A2, NR1I2, NR1I3
/DATA/usr/m.trauernicht/projects/prime_TF_reporters/data/gcf7866/results/;7866_7_96W_pMT52-1_R1_GAAGCGGCAC-AGTAGAGCCG_S7_barcode_counts.tsv;gcf7866;r1;U2OS;BC1;U2OS_DMSO;96W;U2OS_DMSO_96W_r1;U2OS_DMSO_96W_r1_gcf7866;;;lipofection;E2599;;;
/DATA/usr/m.trauernicht/projects/prime_TF_reporters/data/gcf7866/results/;7866_8_96W_pMT52-5_R1_TCCATTGCCG-TCGTGCATTC_S8_barcode_counts.tsv;gcf7866;r1;U2OS;BC5;U2OS_DMSO;96W;U2OS_DMSO_96W_r1;U2OS_DMSO_96W_r1_gcf7866;;;lipofection;E2599;;;
/DATA/usr/m.trauernicht/projects/prime_TF_reporters/data/gcf7866/results/;7866_96W_pMT02-9_V3.0_R3_ATGGTTGACT-AAGACTATAG_S31_barcode_counts.tsv;gcf7866;r3;U2OS;pMT02;U2OS_DMSO;96W;U2OS_DMSO_96W_r3;U2OS_DMSO_96W_r3_gcf7866;;;lipofection;E2599;;;
/DATA/usr/m.trauernicht/projects/prime_TF_reporters/data/gcf7866/results/;7866_96W_pMT52-5_R3_GATAGGCCGA-AAGACTATAG_S28_barcode_counts.tsv;gcf7866;r3;U2OS;BC5;U2OS_DMSO;96W;U2OS_DMSO_96W_r3;U2OS_DMSO_96W_r3_gcf7866;;;lipofection;E2599;;;
/DATA/usr/m.trauernicht/projects/prime_TF_reporters/data/gcf7866/results/;7866_9_96W_pMT02-9_V3_0_R1_GAGTCATAGG-AGCGCCACAC_S9_barcode_counts.tsv;gcf7866;r1;U2OS;pMT02;U2OS_DMSO;96W;U2OS_DMSO_96W_r1;U2OS_DMSO_96W_r1_gcf7866;;;lipofection;E2599;;;
/DATA/usr/m.trauernicht/projects/prime_TF_reporters/data/gcf7866/results/;7866_pDNA_pMT52-1_CCACCAGGCA-TCCGACCTCG_S32_barcode_counts.tsv;gcf7866;r1;BC1;BC1;;;BC1_r1;BC1_r1_gcf7866;;;;E2599;;;
/DATA/usr/m.trauernicht/projects/prime_TF_reporters/data/gcf7866/results/;7866_pDNA_pMT52-5_GTGACACGCA-TCCGACCTCG_S29_barcode_counts.tsv;gcf7866;r1;BC5;BC5;;;BC5_r1;BC5_r1_gcf7866;;;;E2599;;;